carrier,carrier_name,rate_version,source,area,area_label,age_band,age_min,age_max,product_code,product_name,annual_premium,source_value_raw,currency
morgan_price,Morgan Price (Europe) ApS,morgan_price_europe_2026_official,Rates.xlsx supplied by Morgan Price / user upload,area1,Europe,Child,0,19,standard,Morgan Price Standard,806.26,806.2593855102178,EUR
morgan_price,Morgan Price (Europe) ApS,morgan_price_europe_2026_official,Rates.xlsx supplied by Morgan Price / user upload,area1,Europe,Child,0,19,standard_plus,Morgan Price Standard Plus,952.99,952.9913222904327,EUR
morgan_price,Morgan Price (Europe) ApS,morgan_price_europe_2026_official,Rates.xlsx supplied by Morgan Price / user upload,area1,Europe,Child,0,19,comprehensive,Morgan Price Comprehensive,1473.22,1473.2212523704188,EUR
morgan_price,Morgan Price (Europe) ApS,morgan_price_europe_2026_official,Rates.xlsx supplied by Morgan Price / user upload,area1,Europe,Child,0,19,premium,Morgan Price Premium,1952.87,1952.8716501564097,EUR
morgan_price,Morgan Price (Europe) ApS,morgan_price_europe_2026_official,Rates.xlsx supplied by Morgan Price / user upload,area1,Europe,Child,0,19,elite,Morgan Price Elite,2939.6,2939.5950143577606,EUR
morgan_price,Morgan Price (Europe) ApS,morgan_price_europe_2026_official,Rates.xlsx supplied by Morgan Price / user upload,area1,Europe,20-24,20,24,standard,Morgan Price Standard,971.15,971.1534753541168,EUR
morgan_price,Morgan Price (Europe) ApS,morgan_price_europe_2026_official,Rates.xlsx supplied by Morgan Price / user upload,area1,Europe,20-24,20,24,standard_plus,Morgan Price Standard Plus,1209.59,1209.592872621966,EUR
morgan_price,Morgan Price (Europe) ApS,morgan_price_europe_2026_official,Rates.xlsx supplied by Morgan Price / user upload,area1,Europe,20-24,20,24,comprehensive,Morgan Price Comprehensive,2055.01,2055.0133817039705,EUR
morgan_price,Morgan Price (Europe) ApS,morgan_price_europe_2026_official,Rates.xlsx supplied by Morgan Price / user upload,area1,Europe,20-24,20,24,premium,Morgan Price Premium,2725.2,2725.203351173336,EUR
morgan_price,Morgan Price (Europe) ApS,morgan_price_europe_2026_official,Rates.xlsx supplied by Morgan Price / user upload,area1,Europe,20-24,20,24,elite,Morgan Price Elite,4103.54,4103.5379510925495,EUR
morgan_price,Morgan Price (Europe) ApS,morgan_price_europe_2026_official,Rates.xlsx supplied by Morgan Price / user upload,area1,Europe,25-29,25,29,standard,Morgan Price Standard,1045.06,1045.057460845752,EUR
morgan_price,Morgan Price (Europe) ApS,morgan_price_europe_2026_official,Rates.xlsx supplied by Morgan Price / user upload,area1,Europe,25-29,25,29,standard_plus,Morgan Price Standard Plus,1301.53,1301.5285827890364,EUR
morgan_price,Morgan Price (Europe) ApS,morgan_price_europe_2026_official,Rates.xlsx supplied by Morgan Price / user upload,area1,Europe,25-29,25,29,comprehensive,Morgan Price Comprehensive,2210.86,2210.85900211309,EUR
morgan_price,Morgan Price (Europe) ApS,morgan_price_europe_2026_official,Rates.xlsx supplied by Morgan Price / user upload,area1,Europe,25-29,25,29,premium,Morgan Price Premium,2931.74,2931.736703965754,EUR
morgan_price,Morgan Price (Europe) ApS,morgan_price_europe_2026_official,Rates.xlsx supplied by Morgan Price / user upload,area1,Europe,25-29,25,29,elite,Morgan Price Elite,4414.35,4414.348800290106,EUR
morgan_price,Morgan Price (Europe) ApS,morgan_price_europe_2026_official,Rates.xlsx supplied by Morgan Price / user upload,area1,Europe,30-34,30,34,standard,Morgan Price Standard,1145.52,1145.5199268946055,EUR
morgan_price,Morgan Price (Europe) ApS,morgan_price_europe_2026_official,Rates.xlsx supplied by Morgan Price / user upload,area1,Europe,30-34,30,34,standard_plus,Morgan Price Standard Plus,1427.44,1427.4408880949916,EUR
morgan_price,Morgan Price (Europe) ApS,morgan_price_europe_2026_official,Rates.xlsx supplied by Morgan Price / user upload,area1,Europe,30-34,30,34,comprehensive,Morgan Price Comprehensive,2426.96,2426.9625378932838,EUR
morgan_price,Morgan Price (Europe) ApS,morgan_price_europe_2026_official,Rates.xlsx supplied by Morgan Price / user upload,area1,Europe,30-34,30,34,premium,Morgan Price Premium,3218.91,3218.907407793165,EUR
morgan_price,Morgan Price (Europe) ApS,morgan_price_europe_2026_official,Rates.xlsx supplied by Morgan Price / user upload,area1,Europe,30-34,30,34,elite,Morgan Price Elite,4847.52,4847.517781213832,EUR
morgan_price,Morgan Price (Europe) ApS,morgan_price_europe_2026_official,Rates.xlsx supplied by Morgan Price / user upload,area1,Europe,35-39,35,39,standard,Morgan Price Standard,1307.19,1307.18591412934,EUR
morgan_price,Morgan Price (Europe) ApS,morgan_price_europe_2026_official,Rates.xlsx supplied by Morgan Price / user upload,area1,Europe,35-39,35,39,standard_plus,Morgan Price Standard Plus,1628.5,1628.496248580948,EUR
morgan_price,Morgan Price (Europe) ApS,morgan_price_europe_2026_official,Rates.xlsx supplied by Morgan Price / user upload,area1,Europe,35-39,35,39,comprehensive,Morgan Price Comprehensive,2767.72,2767.7230057425363,EUR
morgan_price,Morgan Price (Europe) ApS,morgan_price_europe_2026_official,Rates.xlsx supplied by Morgan Price / user upload,area1,Europe,35-39,35,39,premium,Morgan Price Premium,3671.07,3671.0700227556617,EUR
morgan_price,Morgan Price (Europe) ApS,morgan_price_europe_2026_official,Rates.xlsx supplied by Morgan Price / user upload,area1,Europe,35-39,35,39,elite,Morgan Price Elite,5528.7,5528.696342393181,EUR
morgan_price,Morgan Price (Europe) ApS,morgan_price_europe_2026_official,Rates.xlsx supplied by Morgan Price / user upload,area1,Europe,40-44,40,44,standard,Morgan Price Standard,1490.8,1490.7964776869824,EUR
morgan_price,Morgan Price (Europe) ApS,morgan_price_europe_2026_official,Rates.xlsx supplied by Morgan Price / user upload,area1,Europe,40-44,40,44,standard_plus,Morgan Price Standard Plus,1856.75,1856.7459280168378,EUR
morgan_price,Morgan Price (Europe) ApS,morgan_price_europe_2026_official,Rates.xlsx supplied by Morgan Price / user upload,area1,Europe,40-44,40,44,comprehensive,Morgan Price Comprehensive,3154.21,3154.214927221621,EUR
morgan_price,Morgan Price (Europe) ApS,morgan_price_europe_2026_official,Rates.xlsx supplied by Morgan Price / user upload,area1,Europe,40-44,40,44,premium,Morgan Price Premium,4183.12,4183.1155714730185,EUR
morgan_price,Morgan Price (Europe) ApS,morgan_price_europe_2026_official,Rates.xlsx supplied by Morgan Price / user upload,area1,Europe,40-44,40,44,elite,Morgan Price Elite,6184.6,6184.6044033492735,EUR
morgan_price,Morgan Price (Europe) ApS,morgan_price_europe_2026_official,Rates.xlsx supplied by Morgan Price / user upload,area1,Europe,45-49,45,49,standard,Morgan Price Standard,1833.57,1833.574098338903,EUR
morgan_price,Morgan Price (Europe) ApS,morgan_price_europe_2026_official,Rates.xlsx supplied by Morgan Price / user upload,area1,Europe,45-49,45,49,standard_plus,Morgan Price Standard Plus,2307.0,2306.996989307519,EUR
morgan_price,Morgan Price (Europe) ApS,morgan_price_europe_2026_official,Rates.xlsx supplied by Morgan Price / user upload,area1,Europe,45-49,45,49,comprehensive,Morgan Price Comprehensive,3985.52,3985.521349638533,EUR
morgan_price,Morgan Price (Europe) ApS,morgan_price_europe_2026_official,Rates.xlsx supplied by Morgan Price / user upload,area1,Europe,45-49,45,49,premium,Morgan Price Premium,5286.26,5286.2603321276065,EUR
morgan_price,Morgan Price (Europe) ApS,morgan_price_europe_2026_official,Rates.xlsx supplied by Morgan Price / user upload,area1,Europe,45-49,45,49,elite,Morgan Price Elite,7816.35,7816.35418209214,EUR
morgan_price,Morgan Price (Europe) ApS,morgan_price_europe_2026_official,Rates.xlsx supplied by Morgan Price / user upload,area1,Europe,50-54,50,54,standard,Morgan Price Standard,2204.51,2204.5134815361635,EUR
morgan_price,Morgan Price (Europe) ApS,morgan_price_europe_2026_official,Rates.xlsx supplied by Morgan Price / user upload,area1,Europe,50-54,50,54,standard_plus,Morgan Price Standard Plus,2694.72,2694.724540276657,EUR
morgan_price,Morgan Price (Europe) ApS,morgan_price_europe_2026_official,Rates.xlsx supplied by Morgan Price / user upload,area1,Europe,50-54,50,54,comprehensive,Morgan Price Comprehensive,4432.73,4432.729929455163,EUR
morgan_price,Morgan Price (Europe) ApS,morgan_price_europe_2026_official,Rates.xlsx supplied by Morgan Price / user upload,area1,Europe,50-54,50,54,premium,Morgan Price Premium,5879.35,5879.350521445557,EUR
morgan_price,Morgan Price (Europe) ApS,morgan_price_europe_2026_official,Rates.xlsx supplied by Morgan Price / user upload,area1,Europe,50-54,50,54,elite,Morgan Price Elite,8693.21,8693.20912933289,EUR
morgan_price,Morgan Price (Europe) ApS,morgan_price_europe_2026_official,Rates.xlsx supplied by Morgan Price / user upload,area1,Europe,55-59,55,59,standard,Morgan Price Standard,3035.32,3035.3206264760415,EUR
morgan_price,Morgan Price (Europe) ApS,morgan_price_europe_2026_official,Rates.xlsx supplied by Morgan Price / user upload,area1,Europe,55-59,55,59,standard_plus,Morgan Price Standard Plus,3711.32,3711.3195951592015,EUR
morgan_price,Morgan Price (Europe) ApS,morgan_price_europe_2026_official,Rates.xlsx supplied by Morgan Price / user upload,area1,Europe,55-59,55,59,comprehensive,Morgan Price Comprehensive,6108.09,6108.090803075777,EUR
morgan_price,Morgan Price (Europe) ApS,morgan_price_europe_2026_official,Rates.xlsx supplied by Morgan Price / user upload,area1,Europe,55-59,55,59,premium,Morgan Price Premium,8101.98,8101.984873665639,EUR
morgan_price,Morgan Price (Europe) ApS,morgan_price_europe_2026_official,Rates.xlsx supplied by Morgan Price / user upload,area1,Europe,55-59,55,59,elite,Morgan Price Elite,11980.27,11980.266267429237,EUR
morgan_price,Morgan Price (Europe) ApS,morgan_price_europe_2026_official,Rates.xlsx supplied by Morgan Price / user upload,area1,Europe,60-64,60,64,standard,Morgan Price Standard,3832.34,3832.3435282349315,EUR
morgan_price,Morgan Price (Europe) ApS,morgan_price_europe_2026_official,Rates.xlsx supplied by Morgan Price / user upload,area1,Europe,60-64,60,64,standard_plus,Morgan Price Standard Plus,4684.6,4684.596570316039,EUR
morgan_price,Morgan Price (Europe) ApS,morgan_price_europe_2026_official,Rates.xlsx supplied by Morgan Price / user upload,area1,Europe,60-64,60,64,comprehensive,Morgan Price Comprehensive,8476.8,8476.79821931204,EUR
morgan_price,Morgan Price (Europe) ApS,morgan_price_europe_2026_official,Rates.xlsx supplied by Morgan Price / user upload,area1,Europe,60-64,60,64,premium,Morgan Price Premium,10685.11,10685.106389162287,EUR
morgan_price,Morgan Price (Europe) ApS,morgan_price_europe_2026_official,Rates.xlsx supplied by Morgan Price / user upload,area1,Europe,60-64,60,64,elite,Morgan Price Elite,15397.34,15397.336726369402,EUR
morgan_price,Morgan Price (Europe) ApS,morgan_price_europe_2026_official,Rates.xlsx supplied by Morgan Price / user upload,area1,Europe,65-69,65,69,standard,Morgan Price Standard,5096.8,5096.8033758962365,EUR
morgan_price,Morgan Price (Europe) ApS,morgan_price_europe_2026_official,Rates.xlsx supplied by Morgan Price / user upload,area1,Europe,65-69,65,69,standard_plus,Morgan Price Standard Plus,6275.2,6275.20217551991,EUR
morgan_price,Morgan Price (Europe) ApS,morgan_price_europe_2026_official,Rates.xlsx supplied by Morgan Price / user upload,area1,Europe,65-69,65,69,comprehensive,Morgan Price Comprehensive,11498.45,11498.451536182281,EUR
morgan_price,Morgan Price (Europe) ApS,morgan_price_europe_2026_official,Rates.xlsx supplied by Morgan Price / user upload,area1,Europe,65-69,65,69,premium,Morgan Price Premium,14344.67,14344.673435773111,EUR
morgan_price,Morgan Price (Europe) ApS,morgan_price_europe_2026_official,Rates.xlsx supplied by Morgan Price / user upload,area1,Europe,65-69,65,69,elite,Morgan Price Elite,20475.42,20475.42467556877,EUR
morgan_price,Morgan Price (Europe) ApS,morgan_price_europe_2026_official,Rates.xlsx supplied by Morgan Price / user upload,area1,Europe,70-74,70,74,standard,Morgan Price Standard,6563.52,6563.5244483394445,EUR
morgan_price,Morgan Price (Europe) ApS,morgan_price_europe_2026_official,Rates.xlsx supplied by Morgan Price / user upload,area1,Europe,70-74,70,74,standard_plus,Morgan Price Standard Plus,8023.48,8023.477304534635,EUR
morgan_price,Morgan Price (Europe) ApS,morgan_price_europe_2026_official,Rates.xlsx supplied by Morgan Price / user upload,area1,Europe,70-74,70,74,comprehensive,Morgan Price Comprehensive,14519.58,14519.581344613445,EUR
morgan_price,Morgan Price (Europe) ApS,morgan_price_europe_2026_official,Rates.xlsx supplied by Morgan Price / user upload,area1,Europe,70-74,70,74,premium,Morgan Price Premium,18301.84,18301.836333267056,EUR
morgan_price,Morgan Price (Europe) ApS,morgan_price_europe_2026_official,Rates.xlsx supplied by Morgan Price / user upload,area1,Europe,70-74,70,74,elite,Morgan Price Elite,26372.71,26372.709848267783,EUR
morgan_price,Morgan Price (Europe) ApS,morgan_price_europe_2026_official,Rates.xlsx supplied by Morgan Price / user upload,area2,"Worldwide excluding USA, Singapore, Hong Kong & China",Child,0,19,standard,Morgan Price Standard,894.62,894.6246185489695,EUR
morgan_price,Morgan Price (Europe) ApS,morgan_price_europe_2026_official,Rates.xlsx supplied by Morgan Price / user upload,area2,"Worldwide excluding USA, Singapore, Hong Kong & China",Child,0,19,standard_plus,Morgan Price Standard Plus,1042.04,1042.0413043674919,EUR
morgan_price,Morgan Price (Europe) ApS,morgan_price_europe_2026_official,Rates.xlsx supplied by Morgan Price / user upload,area2,"Worldwide excluding USA, Singapore, Hong Kong & China",Child,0,19,comprehensive,Morgan Price Comprehensive,1564.64,1564.6352489844928,EUR
morgan_price,Morgan Price (Europe) ApS,morgan_price_europe_2026_official,Rates.xlsx supplied by Morgan Price / user upload,area2,"Worldwide excluding USA, Singapore, Hong Kong & China",Child,0,19,premium,Morgan Price Premium,2075.07,2075.066746397266,EUR
morgan_price,Morgan Price (Europe) ApS,morgan_price_europe_2026_official,Rates.xlsx supplied by Morgan Price / user upload,area2,"Worldwide excluding USA, Singapore, Hong Kong & China",Child,0,19,elite,Morgan Price Elite,4103.23,4103.228183670457,EUR
morgan_price,Morgan Price (Europe) ApS,morgan_price_europe_2026_official,Rates.xlsx supplied by Morgan Price / user upload,area2,"Worldwide excluding USA, Singapore, Hong Kong & China",20-24,20,24,standard,Morgan Price Standard,1067.0,1067.0020371686599,EUR
morgan_price,Morgan Price (Europe) ApS,morgan_price_europe_2026_official,Rates.xlsx supplied by Morgan Price / user upload,area2,"Worldwide excluding USA, Singapore, Hong Kong & China",20-24,20,24,standard_plus,Morgan Price Standard Plus,1329.16,1329.1630975493101,EUR
morgan_price,Morgan Price (Europe) ApS,morgan_price_europe_2026_official,Rates.xlsx supplied by Morgan Price / user upload,area2,"Worldwide excluding USA, Singapore, Hong Kong & China",20-24,20,24,comprehensive,Morgan Price Comprehensive,2258.64,2258.644702857846,EUR
morgan_price,Morgan Price (Europe) ApS,morgan_price_europe_2026_official,Rates.xlsx supplied by Morgan Price / user upload,area2,"Worldwide excluding USA, Singapore, Hong Kong & China",20-24,20,24,premium,Morgan Price Premium,2996.48,2996.4780951828907,EUR
morgan_price,Morgan Price (Europe) ApS,morgan_price_europe_2026_official,Rates.xlsx supplied by Morgan Price / user upload,area2,"Worldwide excluding USA, Singapore, Hong Kong & China",20-24,20,24,elite,Morgan Price Elite,4261.05,4261.046533451845,EUR
morgan_price,Morgan Price (Europe) ApS,morgan_price_europe_2026_official,Rates.xlsx supplied by Morgan Price / user upload,area2,"Worldwide excluding USA, Singapore, Hong Kong & China",25-29,25,29,standard,Morgan Price Standard,1163.99,1163.9918473803816,EUR
morgan_price,Morgan Price (Europe) ApS,morgan_price_europe_2026_official,Rates.xlsx supplied by Morgan Price / user upload,area2,"Worldwide excluding USA, Singapore, Hong Kong & China",25-29,25,29,standard_plus,Morgan Price Standard Plus,1479.79,1479.791582428466,EUR
morgan_price,Morgan Price (Europe) ApS,morgan_price_europe_2026_official,Rates.xlsx supplied by Morgan Price / user upload,area2,"Worldwide excluding USA, Singapore, Hong Kong & China",25-29,25,29,comprehensive,Morgan Price Comprehensive,2599.42,2599.4214742556296,EUR
morgan_price,Morgan Price (Europe) ApS,morgan_price_europe_2026_official,Rates.xlsx supplied by Morgan Price / user upload,area2,"Worldwide excluding USA, Singapore, Hong Kong & China",25-29,25,29,premium,Morgan Price Premium,3448.64,3448.6407101453874,EUR
morgan_price,Morgan Price (Europe) ApS,morgan_price_europe_2026_official,Rates.xlsx supplied by Morgan Price / user upload,area2,"Worldwide excluding USA, Singapore, Hong Kong & China",25-29,25,29,elite,Morgan Price Elite,4722.47,4722.4695639800275,EUR
morgan_price,Morgan Price (Europe) ApS,morgan_price_europe_2026_official,Rates.xlsx supplied by Morgan Price / user upload,area2,"Worldwide excluding USA, Singapore, Hong Kong & China",30-34,30,34,standard,Morgan Price Standard,1269.8,1269.8018773474478,EUR
morgan_price,Morgan Price (Europe) ApS,morgan_price_europe_2026_official,Rates.xlsx supplied by Morgan Price / user upload,area2,"Worldwide excluding USA, Singapore, Hong Kong & China",30-34,30,34,standard_plus,Morgan Price Standard Plus,1650.55,1650.554949743574,EUR
morgan_price,Morgan Price (Europe) ApS,morgan_price_europe_2026_official,Rates.xlsx supplied by Morgan Price / user upload,area2,"Worldwide excluding USA, Singapore, Hong Kong & China",30-34,30,34,comprehensive,Morgan Price Comprehensive,3000.46,3000.4561610244878,EUR
morgan_price,Morgan Price (Europe) ApS,morgan_price_europe_2026_official,Rates.xlsx supplied by Morgan Price / user upload,area2,"Worldwide excluding USA, Singapore, Hong Kong & China",30-34,30,34,premium,Morgan Price Premium,3981.44,3981.4406761428795,EUR
morgan_price,Morgan Price (Europe) ApS,morgan_price_europe_2026_official,Rates.xlsx supplied by Morgan Price / user upload,area2,"Worldwide excluding USA, Singapore, Hong Kong & China",30-34,30,34,elite,Morgan Price Elite,5452.93,5452.9337523689965,EUR
morgan_price,Morgan Price (Europe) ApS,morgan_price_europe_2026_official,Rates.xlsx supplied by Morgan Price / user upload,area2,"Worldwide excluding USA, Singapore, Hong Kong & China",35-39,35,39,standard,Morgan Price Standard,1619.09,1619.0891010784837,EUR
morgan_price,Morgan Price (Europe) ApS,morgan_price_europe_2026_official,Rates.xlsx supplied by Morgan Price / user upload,area2,"Worldwide excluding USA, Singapore, Hong Kong & China",35-39,35,39,standard_plus,Morgan Price Standard Plus,1978.76,1978.761685223852,EUR
morgan_price,Morgan Price (Europe) ApS,morgan_price_europe_2026_official,Rates.xlsx supplied by Morgan Price / user upload,area2,"Worldwide excluding USA, Singapore, Hong Kong & China",35-39,35,39,comprehensive,Morgan Price Comprehensive,3253.96,3253.9600371351053,EUR
morgan_price,Morgan Price (Europe) ApS,morgan_price_europe_2026_official,Rates.xlsx supplied by Morgan Price / user upload,area2,"Worldwide excluding USA, Singapore, Hong Kong & China",35-39,35,39,premium,Morgan Price Premium,4317.52,4317.522025563696,EUR
morgan_price,Morgan Price (Europe) ApS,morgan_price_europe_2026_official,Rates.xlsx supplied by Morgan Price / user upload,area2,"Worldwide excluding USA, Singapore, Hong Kong & China",35-39,35,39,elite,Morgan Price Elite,5912.86,5912.856856432317,EUR
morgan_price,Morgan Price (Europe) ApS,morgan_price_europe_2026_official,Rates.xlsx supplied by Morgan Price / user upload,area2,"Worldwide excluding USA, Singapore, Hong Kong & China",40-44,40,44,standard,Morgan Price Standard,1850.05,1850.0451695705415,EUR
morgan_price,Morgan Price (Europe) ApS,morgan_price_europe_2026_official,Rates.xlsx supplied by Morgan Price / user upload,area2,"Worldwide excluding USA, Singapore, Hong Kong & China",40-44,40,44,standard_plus,Morgan Price Standard Plus,2261.3,2261.302181268421,EUR
morgan_price,Morgan Price (Europe) ApS,morgan_price_europe_2026_official,Rates.xlsx supplied by Morgan Price / user upload,area2,"Worldwide excluding USA, Singapore, Hong Kong & China",40-44,40,44,comprehensive,Morgan Price Comprehensive,3719.39,3719.3937406019463,EUR
morgan_price,Morgan Price (Europe) ApS,morgan_price_europe_2026_official,Rates.xlsx supplied by Morgan Price / user upload,area2,"Worldwide excluding USA, Singapore, Hong Kong & China",40-44,40,44,premium,Morgan Price Premium,4933.45,4933.453785521445,EUR
morgan_price,Morgan Price (Europe) ApS,morgan_price_europe_2026_official,Rates.xlsx supplied by Morgan Price / user upload,area2,"Worldwide excluding USA, Singapore, Hong Kong & China",40-44,40,44,elite,Morgan Price Elite,6754.54,6754.54385290069,EUR
morgan_price,Morgan Price (Europe) ApS,morgan_price_europe_2026_official,Rates.xlsx supplied by Morgan Price / user upload,area2,"Worldwide excluding USA, Singapore, Hong Kong & China",45-49,45,49,standard,Morgan Price Standard,2242.99,2242.9920996772385,EUR
morgan_price,Morgan Price (Europe) ApS,morgan_price_europe_2026_official,Rates.xlsx supplied by Morgan Price / user upload,area2,"Worldwide excluding USA, Singapore, Hong Kong & China",45-49,45,49,standard_plus,Morgan Price Standard Plus,2742.1,2742.096071059188,EUR
morgan_price,Morgan Price (Europe) ApS,morgan_price_europe_2026_official,Rates.xlsx supplied by Morgan Price / user upload,area2,"Worldwide excluding USA, Singapore, Hong Kong & China",45-49,45,49,comprehensive,Morgan Price Comprehensive,4511.67,4511.665279767809,EUR
morgan_price,Morgan Price (Europe) ApS,morgan_price_europe_2026_official,Rates.xlsx supplied by Morgan Price / user upload,area2,"Worldwide excluding USA, Singapore, Hong Kong & China",45-49,45,49,premium,Morgan Price Premium,5985.05,5985.050614640419,EUR
morgan_price,Morgan Price (Europe) ApS,morgan_price_europe_2026_official,Rates.xlsx supplied by Morgan Price / user upload,area2,"Worldwide excluding USA, Singapore, Hong Kong & China",45-49,45,49,elite,Morgan Price Elite,8195.15,8195.154418436683,EUR
morgan_price,Morgan Price (Europe) ApS,morgan_price_europe_2026_official,Rates.xlsx supplied by Morgan Price / user upload,area2,"Worldwide excluding USA, Singapore, Hong Kong & China",50-54,50,54,standard,Morgan Price Standard,2825.61,2825.606885129334,EUR
morgan_price,Morgan Price (Europe) ApS,morgan_price_europe_2026_official,Rates.xlsx supplied by Morgan Price / user upload,area2,"Worldwide excluding USA, Singapore, Hong Kong & China",50-54,50,54,standard_plus,Morgan Price Standard Plus,3348.47,3348.4654258688256,EUR
morgan_price,Morgan Price (Europe) ApS,morgan_price_europe_2026_official,Rates.xlsx supplied by Morgan Price / user upload,area2,"Worldwide excluding USA, Singapore, Hong Kong & China",50-54,50,54,comprehensive,Morgan Price Comprehensive,5202.22,5202.216287318806,EUR
morgan_price,Morgan Price (Europe) ApS,morgan_price_europe_2026_official,Rates.xlsx supplied by Morgan Price / user upload,area2,"Worldwide excluding USA, Singapore, Hong Kong & China",50-54,50,54,premium,Morgan Price Premium,6868.77,6868.768757517416,EUR
morgan_price,Morgan Price (Europe) ApS,morgan_price_europe_2026_official,Rates.xlsx supplied by Morgan Price / user upload,area2,"Worldwide excluding USA, Singapore, Hong Kong & China",50-54,50,54,elite,Morgan Price Elite,9368.61,9368.606063311116,EUR
morgan_price,Morgan Price (Europe) ApS,morgan_price_europe_2026_official,Rates.xlsx supplied by Morgan Price / user upload,area2,"Worldwide excluding USA, Singapore, Hong Kong & China",55-59,55,59,standard,Morgan Price Standard,4305.54,4305.539066967151,EUR
morgan_price,Morgan Price (Europe) ApS,morgan_price_europe_2026_official,Rates.xlsx supplied by Morgan Price / user upload,area2,"Worldwide excluding USA, Singapore, Hong Kong & China",55-59,55,59,standard_plus,Morgan Price Standard Plus,5014.82,5014.818214991391,EUR
morgan_price,Morgan Price (Europe) ApS,morgan_price_europe_2026_official,Rates.xlsx supplied by Morgan Price / user upload,area2,"Worldwide excluding USA, Singapore, Hong Kong & China",55-59,55,59,comprehensive,Morgan Price Comprehensive,7529.47,7529.472305349259,EUR
morgan_price,Morgan Price (Europe) ApS,morgan_price_europe_2026_official,Rates.xlsx supplied by Morgan Price / user upload,area2,"Worldwide excluding USA, Singapore, Hong Kong & China",55-59,55,59,premium,Morgan Price Premium,9986.3,9986.29740991951,EUR
morgan_price,Morgan Price (Europe) ApS,morgan_price_europe_2026_official,Rates.xlsx supplied by Morgan Price / user upload,area2,"Worldwide excluding USA, Singapore, Hong Kong & China",55-59,55,59,elite,Morgan Price Elite,13671.54,13671.535066774892,EUR
morgan_price,Morgan Price (Europe) ApS,morgan_price_europe_2026_official,Rates.xlsx supplied by Morgan Price / user upload,area2,"Worldwide excluding USA, Singapore, Hong Kong & China",60-64,60,64,standard,Morgan Price Standard,5098.07,5098.074753533987,EUR
morgan_price,Morgan Price (Europe) ApS,morgan_price_europe_2026_official,Rates.xlsx supplied by Morgan Price / user upload,area2,"Worldwide excluding USA, Singapore, Hong Kong & China",60-64,60,64,standard_plus,Morgan Price Standard Plus,5937.24,5937.240084638266,EUR
morgan_price,Morgan Price (Europe) ApS,morgan_price_europe_2026_official,Rates.xlsx supplied by Morgan Price / user upload,area2,"Worldwide excluding USA, Singapore, Hong Kong & China",60-64,60,64,comprehensive,Morgan Price Comprehensive,9803.69,9803.686448332815,EUR
morgan_price,Morgan Price (Europe) ApS,morgan_price_europe_2026_official,Rates.xlsx supplied by Morgan Price / user upload,area2,"Worldwide excluding USA, Singapore, Hong Kong & China",60-64,60,64,premium,Morgan Price Premium,12764.65,12764.650179730508,EUR
morgan_price,Morgan Price (Europe) ApS,morgan_price_europe_2026_official,Rates.xlsx supplied by Morgan Price / user upload,area2,"Worldwide excluding USA, Singapore, Hong Kong & China",60-64,60,64,elite,Morgan Price Elite,18926.74,18926.73713895069,EUR
morgan_price,Morgan Price (Europe) ApS,morgan_price_europe_2026_official,Rates.xlsx supplied by Morgan Price / user upload,area2,"Worldwide excluding USA, Singapore, Hong Kong & China",65-69,65,69,standard,Morgan Price Standard,6529.81,6529.814244209127,EUR
morgan_price,Morgan Price (Europe) ApS,morgan_price_europe_2026_official,Rates.xlsx supplied by Morgan Price / user upload,area2,"Worldwide excluding USA, Singapore, Hong Kong & China",65-69,65,69,standard_plus,Morgan Price Standard Plus,7672.35,7672.352715756292,EUR
morgan_price,Morgan Price (Europe) ApS,morgan_price_europe_2026_official,Rates.xlsx supplied by Morgan Price / user upload,area2,"Worldwide excluding USA, Singapore, Hong Kong & China",65-69,65,69,comprehensive,Morgan Price Comprehensive,12895.49,12895.489896038858,EUR
morgan_price,Morgan Price (Europe) ApS,morgan_price_europe_2026_official,Rates.xlsx supplied by Morgan Price / user upload,area2,"Worldwide excluding USA, Singapore, Hong Kong & China",65-69,65,69,premium,Morgan Price Premium,16976.14,16976.14469496416,EUR
morgan_price,Morgan Price (Europe) ApS,morgan_price_europe_2026_official,Rates.xlsx supplied by Morgan Price / user upload,area2,"Worldwide excluding USA, Singapore, Hong Kong & China",65-69,65,69,elite,Morgan Price Elite,25406.82,25406.81808144787,EUR
morgan_price,Morgan Price (Europe) ApS,morgan_price_europe_2026_official,Rates.xlsx supplied by Morgan Price / user upload,area2,"Worldwide excluding USA, Singapore, Hong Kong & China",70-74,70,74,standard,Morgan Price Standard,8292.35,8292.354978188592,EUR
morgan_price,Morgan Price (Europe) ApS,morgan_price_europe_2026_official,Rates.xlsx supplied by Morgan Price / user upload,area2,"Worldwide excluding USA, Singapore, Hong Kong & China",70-74,70,74,standard_plus,Morgan Price Standard Plus,9665.5,9665.498917147477,EUR
morgan_price,Morgan Price (Europe) ApS,morgan_price_europe_2026_official,Rates.xlsx supplied by Morgan Price / user upload,area2,"Worldwide excluding USA, Singapore, Hong Kong & China",70-74,70,74,comprehensive,Morgan Price Comprehensive,15987.31,15987.312040474868,EUR
morgan_price,Morgan Price (Europe) ApS,morgan_price_europe_2026_official,Rates.xlsx supplied by Morgan Price / user upload,area2,"Worldwide excluding USA, Singapore, Hong Kong & China",70-74,70,74,premium,Morgan Price Premium,20854.18,20854.183031238194,EUR
morgan_price,Morgan Price (Europe) ApS,morgan_price_europe_2026_official,Rates.xlsx supplied by Morgan Price / user upload,area2,"Worldwide excluding USA, Singapore, Hong Kong & China",70-74,70,74,elite,Morgan Price Elite,30969.9,30969.899205988568,EUR
morgan_price,Morgan Price (Europe) ApS,morgan_price_europe_2026_official,Rates.xlsx supplied by Morgan Price / user upload,area3,Worldwide excluding USA,Child,0,19,standard,Morgan Price Standard,1158.12,1158.122569909173,EUR
morgan_price,Morgan Price (Europe) ApS,morgan_price_europe_2026_official,Rates.xlsx supplied by Morgan Price / user upload,area3,Worldwide excluding USA,Child,0,19,standard_plus,Morgan Price Standard Plus,1348.94,1348.9393019175768,EUR
morgan_price,Morgan Price (Europe) ApS,morgan_price_europe_2026_official,Rates.xlsx supplied by Morgan Price / user upload,area3,Worldwide excluding USA,Child,0,19,comprehensive,Morgan Price Comprehensive,2025.46,2025.455048217022,EUR
morgan_price,Morgan Price (Europe) ApS,morgan_price_europe_2026_official,Rates.xlsx supplied by Morgan Price / user upload,area3,Worldwide excluding USA,Child,0,19,premium,Morgan Price Premium,2686.22,2686.2215666353923,EUR
morgan_price,Morgan Price (Europe) ApS,morgan_price_europe_2026_official,Rates.xlsx supplied by Morgan Price / user upload,area3,Worldwide excluding USA,Child,0,19,elite,Morgan Price Elite,5311.73,5311.728718540837,EUR
morgan_price,Morgan Price (Europe) ApS,morgan_price_europe_2026_official,Rates.xlsx supplied by Morgan Price / user upload,area3,Worldwide excluding USA,20-24,20,24,standard,Morgan Price Standard,1381.24,1381.2366315577551,EUR
morgan_price,Morgan Price (Europe) ApS,morgan_price_europe_2026_official,Rates.xlsx supplied by Morgan Price / user upload,area3,Worldwide excluding USA,20-24,20,24,standard_plus,Morgan Price Standard Plus,1720.63,1720.6276013303918,EUR
morgan_price,Morgan Price (Europe) ApS,morgan_price_europe_2026_official,Rates.xlsx supplied by Morgan Price / user upload,area3,Worldwide excluding USA,20-24,20,24,comprehensive,Morgan Price Comprehensive,2923.86,2923.862090025216,EUR
morgan_price,Morgan Price (Europe) ApS,morgan_price_europe_2026_official,Rates.xlsx supplied by Morgan Price / user upload,area3,Worldwide excluding USA,20-24,20,24,premium,Morgan Price Premium,3879.02,3879.02178427029,EUR
morgan_price,Morgan Price (Europe) ApS,morgan_price_europe_2026_official,Rates.xlsx supplied by Morgan Price / user upload,area3,Worldwide excluding USA,20-24,20,24,elite,Morgan Price Elite,5516.01,5516.01218163596,EUR
morgan_price,Morgan Price (Europe) ApS,morgan_price_europe_2026_official,Rates.xlsx supplied by Morgan Price / user upload,area3,Worldwide excluding USA,25-29,25,29,standard,Morgan Price Standard,1506.81,1506.8065623445566,EUR
morgan_price,Morgan Price (Europe) ApS,morgan_price_europe_2026_official,Rates.xlsx supplied by Morgan Price / user upload,area3,Worldwide excluding USA,25-29,25,29,standard_plus,Morgan Price Standard Plus,1915.62,1915.6180417627666,EUR
morgan_price,Morgan Price (Europe) ApS,morgan_price_europe_2026_official,Rates.xlsx supplied by Morgan Price / user upload,area3,Worldwide excluding USA,25-29,25,29,comprehensive,Morgan Price Comprehensive,3365.0,3365.003506180665,EUR
morgan_price,Morgan Price (Europe) ApS,morgan_price_europe_2026_official,Rates.xlsx supplied by Morgan Price / user upload,area3,Worldwide excluding USA,25-29,25,29,premium,Morgan Price Premium,4464.34,4464.335480086566,EUR
morgan_price,Morgan Price (Europe) ApS,morgan_price_europe_2026_official,Rates.xlsx supplied by Morgan Price / user upload,area3,Worldwide excluding USA,25-29,25,29,elite,Morgan Price Elite,6113.33,6113.325289171152,EUR
morgan_price,Morgan Price (Europe) ApS,morgan_price_europe_2026_official,Rates.xlsx supplied by Morgan Price / user upload,area3,Worldwide excluding USA,30-34,30,34,standard,Morgan Price Standard,1643.79,1643.788977103153,EUR
morgan_price,Morgan Price (Europe) ApS,morgan_price_europe_2026_official,Rates.xlsx supplied by Morgan Price / user upload,area3,Worldwide excluding USA,30-34,30,34,standard_plus,Morgan Price Standard Plus,2136.68,2136.6778562964255,EUR
morgan_price,Morgan Price (Europe) ApS,morgan_price_europe_2026_official,Rates.xlsx supplied by Morgan Price / user upload,area3,Worldwide excluding USA,30-34,30,34,comprehensive,Morgan Price Comprehensive,3884.14,3884.141098509066,EUR
morgan_price,Morgan Price (Europe) ApS,morgan_price_europe_2026_official,Rates.xlsx supplied by Morgan Price / user upload,area3,Worldwide excluding USA,30-34,30,34,premium,Morgan Price Premium,5154.06,5154.057100696232,EUR
morgan_price,Morgan Price (Europe) ApS,morgan_price_europe_2026_official,Rates.xlsx supplied by Morgan Price / user upload,area3,Worldwide excluding USA,30-34,30,34,elite,Morgan Price Elite,7058.93,7058.93110397698,EUR
morgan_price,Morgan Price (Europe) ApS,morgan_price_europe_2026_official,Rates.xlsx supplied by Morgan Price / user upload,area3,Worldwide excluding USA,35-39,35,39,standard,Morgan Price Standard,2095.94,2095.935288517119,EUR
morgan_price,Morgan Price (Europe) ApS,morgan_price_europe_2026_official,Rates.xlsx supplied by Morgan Price / user upload,area3,Worldwide excluding USA,35-39,35,39,standard_plus,Morgan Price Standard Plus,2561.55,2561.5483310178024,EUR
morgan_price,Morgan Price (Europe) ApS,morgan_price_europe_2026_official,Rates.xlsx supplied by Morgan Price / user upload,area3,Worldwide excluding USA,35-39,35,39,comprehensive,Morgan Price Comprehensive,4212.3,4212.29892334375,EUR
morgan_price,Morgan Price (Europe) ApS,morgan_price_europe_2026_official,Rates.xlsx supplied by Morgan Price / user upload,area3,Worldwide excluding USA,35-39,35,39,premium,Morgan Price Premium,5589.12,5589.117293249567,EUR
morgan_price,Morgan Price (Europe) ApS,morgan_price_europe_2026_official,Rates.xlsx supplied by Morgan Price / user upload,area3,Worldwide excluding USA,35-39,35,39,elite,Morgan Price Elite,7654.3,7654.304089236966,EUR
morgan_price,Morgan Price (Europe) ApS,morgan_price_europe_2026_official,Rates.xlsx supplied by Morgan Price / user upload,area3,Worldwide excluding USA,40-44,40,44,standard,Morgan Price Standard,2394.93,2394.9260650296037,EUR
morgan_price,Morgan Price (Europe) ApS,morgan_price_europe_2026_official,Rates.xlsx supplied by Morgan Price / user upload,area3,Worldwide excluding USA,40-44,40,44,standard_plus,Morgan Price Standard Plus,2927.3,2927.302138765285,EUR
morgan_price,Morgan Price (Europe) ApS,morgan_price_europe_2026_official,Rates.xlsx supplied by Morgan Price / user upload,area3,Worldwide excluding USA,40-44,40,44,comprehensive,Morgan Price Comprehensive,4814.83,4814.829166408905,EUR
morgan_price,Morgan Price (Europe) ApS,morgan_price_europe_2026_official,Rates.xlsx supplied by Morgan Price / user upload,area3,Worldwide excluding USA,40-44,40,44,premium,Morgan Price Premium,6386.46,6386.458637713255,EUR
morgan_price,Morgan Price (Europe) ApS,morgan_price_europe_2026_official,Rates.xlsx supplied by Morgan Price / user upload,area3,Worldwide excluding USA,40-44,40,44,elite,Morgan Price Elite,8743.9,8743.90284466978,EUR
morgan_price,Morgan Price (Europe) ApS,morgan_price_europe_2026_official,Rates.xlsx supplied by Morgan Price / user upload,area3,Worldwide excluding USA,45-49,45,49,standard,Morgan Price Standard,2903.61,2903.6133818972253,EUR
morgan_price,Morgan Price (Europe) ApS,morgan_price_europe_2026_official,Rates.xlsx supplied by Morgan Price / user upload,area3,Worldwide excluding USA,45-49,45,49,standard_plus,Morgan Price Standard Plus,3549.72,3549.7170272325147,EUR
morgan_price,Morgan Price (Europe) ApS,morgan_price_europe_2026_official,Rates.xlsx supplied by Morgan Price / user upload,area3,Worldwide excluding USA,45-49,45,49,comprehensive,Morgan Price Comprehensive,5840.42,5840.424677523673,EUR
morgan_price,Morgan Price (Europe) ApS,morgan_price_europe_2026_official,Rates.xlsx supplied by Morgan Price / user upload,area3,Worldwide excluding USA,45-49,45,49,premium,Morgan Price Premium,7747.77,7747.77382870436,EUR
morgan_price,Morgan Price (Europe) ApS,morgan_price_europe_2026_official,Rates.xlsx supplied by Morgan Price / user upload,area3,Worldwide excluding USA,45-49,45,49,elite,Morgan Price Elite,10608.8,10608.79755547539,EUR
morgan_price,Morgan Price (Europe) ApS,morgan_price_europe_2026_official,Rates.xlsx supplied by Morgan Price / user upload,area3,Worldwide excluding USA,50-54,50,54,standard,Morgan Price Standard,3657.81,3657.8080582555426,EUR
morgan_price,Morgan Price (Europe) ApS,morgan_price_europe_2026_official,Rates.xlsx supplied by Morgan Price / user upload,area3,Worldwide excluding USA,50-54,50,54,standard_plus,Morgan Price Standard Plus,4334.65,4334.649875525611,EUR
morgan_price,Morgan Price (Europe) ApS,morgan_price_europe_2026_official,Rates.xlsx supplied by Morgan Price / user upload,area3,Worldwide excluding USA,50-54,50,54,comprehensive,Morgan Price Comprehensive,6734.38,6734.377410384554,EUR
morgan_price,Morgan Price (Europe) ApS,morgan_price_europe_2026_official,Rates.xlsx supplied by Morgan Price / user upload,area3,Worldwide excluding USA,50-54,50,54,premium,Morgan Price Premium,8891.76,8891.760175020161,EUR
morgan_price,Morgan Price (Europe) ApS,morgan_price_europe_2026_official,Rates.xlsx supplied by Morgan Price / user upload,area3,Worldwide excluding USA,50-54,50,54,elite,Morgan Price Elite,12127.85,12127.851522965144,EUR
morgan_price,Morgan Price (Europe) ApS,morgan_price_europe_2026_official,Rates.xlsx supplied by Morgan Price / user upload,area3,Worldwide excluding USA,55-59,55,59,standard,Morgan Price Standard,5573.61,5573.607383512068,EUR
morgan_price,Morgan Price (Europe) ApS,morgan_price_europe_2026_official,Rates.xlsx supplied by Morgan Price / user upload,area3,Worldwide excluding USA,55-59,55,59,standard_plus,Morgan Price Standard Plus,6491.77,6491.76639872649,EUR
morgan_price,Morgan Price (Europe) ApS,morgan_price_europe_2026_official,Rates.xlsx supplied by Morgan Price / user upload,area3,Worldwide excluding USA,55-59,55,59,comprehensive,Morgan Price Comprehensive,9747.05,9747.054053263086,EUR
morgan_price,Morgan Price (Europe) ApS,morgan_price_europe_2026_official,Rates.xlsx supplied by Morgan Price / user upload,area3,Worldwide excluding USA,55-59,55,59,premium,Morgan Price Premium,12927.46,12927.461304282253,EUR
morgan_price,Morgan Price (Europe) ApS,morgan_price_europe_2026_official,Rates.xlsx supplied by Morgan Price / user upload,area3,Worldwide excluding USA,55-59,55,59,elite,Morgan Price Elite,17698.06,17698.062832446027,EUR
morgan_price,Morgan Price (Europe) ApS,morgan_price_europe_2026_official,Rates.xlsx supplied by Morgan Price / user upload,area3,Worldwide excluding USA,60-64,60,64,standard,Morgan Price Standard,6599.57,6599.5717437156245,EUR
morgan_price,Morgan Price (Europe) ApS,morgan_price_europe_2026_official,Rates.xlsx supplied by Morgan Price / user upload,area3,Worldwide excluding USA,60-64,60,64,standard_plus,Morgan Price Standard Plus,7685.89,7685.889148252326,EUR
morgan_price,Morgan Price (Europe) ApS,morgan_price_europe_2026_official,Rates.xlsx supplied by Morgan Price / user upload,area3,Worldwide excluding USA,60-64,60,64,comprehensive,Morgan Price Comprehensive,12691.08,12691.078547310763,EUR
morgan_price,Morgan Price (Europe) ApS,morgan_price_europe_2026_official,Rates.xlsx supplied by Morgan Price / user upload,area3,Worldwide excluding USA,60-64,60,64,premium,Morgan Price Premium,16524.1,16524.0951578245,EUR
morgan_price,Morgan Price (Europe) ApS,morgan_price_europe_2026_official,Rates.xlsx supplied by Morgan Price / user upload,area3,Worldwide excluding USA,60-64,60,64,elite,Morgan Price Elite,24501.05,24501.0549982015,EUR
morgan_price,Morgan Price (Europe) ApS,morgan_price_europe_2026_official,Rates.xlsx supplied by Morgan Price / user upload,area3,Worldwide excluding USA,65-69,65,69,standard,Morgan Price Standard,8452.98,8452.978585334215,EUR
morgan_price,Morgan Price (Europe) ApS,morgan_price_europe_2026_official,Rates.xlsx supplied by Morgan Price / user upload,area3,Worldwide excluding USA,65-69,65,69,standard_plus,Morgan Price Standard Plus,9932.04,9932.039499555574,EUR
morgan_price,Morgan Price (Europe) ApS,morgan_price_europe_2026_official,Rates.xlsx supplied by Morgan Price / user upload,area3,Worldwide excluding USA,65-69,65,69,comprehensive,Morgan Price Comprehensive,16693.49,16693.487531324598,EUR
morgan_price,Morgan Price (Europe) ApS,morgan_price_europe_2026_official,Rates.xlsx supplied by Morgan Price / user upload,area3,Worldwide excluding USA,65-69,65,69,premium,Morgan Price Premium,21975.97,21975.968132522095,EUR
morgan_price,Morgan Price (Europe) ApS,morgan_price_europe_2026_official,Rates.xlsx supplied by Morgan Price / user upload,area3,Worldwide excluding USA,65-69,65,69,elite,Morgan Price Elite,32889.66,32889.66074225968,EUR
morgan_price,Morgan Price (Europe) ApS,morgan_price_europe_2026_official,Rates.xlsx supplied by Morgan Price / user upload,area3,Worldwide excluding USA,70-74,70,74,standard,Morgan Price Standard,10734.62,10734.615330114631,EUR
morgan_price,Morgan Price (Europe) ApS,morgan_price_europe_2026_official,Rates.xlsx supplied by Morgan Price / user upload,area3,Worldwide excluding USA,70-74,70,74,standard_plus,Morgan Price Standard Plus,12512.19,12512.188234987487,EUR
morgan_price,Morgan Price (Europe) ApS,morgan_price_europe_2026_official,Rates.xlsx supplied by Morgan Price / user upload,area3,Worldwide excluding USA,70-74,70,74,comprehensive,Morgan Price Comprehensive,20695.9,20695.896515338434,EUR
morgan_price,Morgan Price (Europe) ApS,morgan_price_europe_2026_official,Rates.xlsx supplied by Morgan Price / user upload,area3,Worldwide excluding USA,70-74,70,74,premium,Morgan Price Premium,26996.15,26996.15230901399,EUR
morgan_price,Morgan Price (Europe) ApS,morgan_price_europe_2026_official,Rates.xlsx supplied by Morgan Price / user upload,area3,Worldwide excluding USA,70-74,70,74,elite,Morgan Price Elite,40091.19,40091.19240398955,EUR
morgan_price,Morgan Price (Europe) ApS,morgan_price_europe_2026_official,Rates.xlsx supplied by Morgan Price / user upload,area4,Worldwide,Child,0,19,standard,Morgan Price Standard,1604.2,1604.2039612695576,EUR
morgan_price,Morgan Price (Europe) ApS,morgan_price_europe_2026_official,Rates.xlsx supplied by Morgan Price / user upload,area4,Worldwide,Child,0,19,standard_plus,Morgan Price Standard Plus,1868.53,1868.5333936048485,EUR
morgan_price,Morgan Price (Europe) ApS,morgan_price_europe_2026_official,Rates.xlsx supplied by Morgan Price / user upload,area4,Worldwide,Child,0,19,comprehensive,Morgan Price Comprehensive,3135.71,3135.710399638784,EUR
morgan_price,Morgan Price (Europe) ApS,morgan_price_europe_2026_official,Rates.xlsx supplied by Morgan Price / user upload,area4,Worldwide,Child,0,19,premium,Morgan Price Premium,3918.95,3918.9491746230374,EUR
morgan_price,Morgan Price (Europe) ApS,morgan_price_europe_2026_official,Rates.xlsx supplied by Morgan Price / user upload,area4,Worldwide,Child,0,19,elite,Morgan Price Elite,8524.98,8524.978794993698,EUR
morgan_price,Morgan Price (Europe) ApS,morgan_price_europe_2026_official,Rates.xlsx supplied by Morgan Price / user upload,area4,Worldwide,20-24,20,24,standard,Morgan Price Standard,1913.29,1913.2866343228138,EUR
morgan_price,Morgan Price (Europe) ApS,morgan_price_europe_2026_official,Rates.xlsx supplied by Morgan Price / user upload,area4,Worldwide,20-24,20,24,standard_plus,Morgan Price Standard Plus,2383.38,2383.3831526695603,EUR
morgan_price,Morgan Price (Europe) ApS,morgan_price_europe_2026_official,Rates.xlsx supplied by Morgan Price / user upload,area4,Worldwide,20-24,20,24,comprehensive,Morgan Price Comprehensive,4526.58,4526.582428378439,EUR
morgan_price,Morgan Price (Europe) ApS,morgan_price_europe_2026_official,Rates.xlsx supplied by Morgan Price / user upload,area4,Worldwide,20-24,20,24,premium,Morgan Price Premium,5659.03,5659.026909351074,EUR
morgan_price,Morgan Price (Europe) ApS,morgan_price_europe_2026_official,Rates.xlsx supplied by Morgan Price / user upload,area4,Worldwide,20-24,20,24,elite,Morgan Price Elite,8852.86,8852.859459503356,EUR
morgan_price,Morgan Price (Europe) ApS,morgan_price_europe_2026_official,Rates.xlsx supplied by Morgan Price / user upload,area4,Worldwide,25-29,25,29,standard,Morgan Price Standard,2087.21,2087.212890052962,EUR
morgan_price,Morgan Price (Europe) ApS,morgan_price_europe_2026_official,Rates.xlsx supplied by Morgan Price / user upload,area4,Worldwide,25-29,25,29,standard_plus,Morgan Price Standard Plus,2653.48,2653.4840411848727,EUR
morgan_price,Morgan Price (Europe) ApS,morgan_price_europe_2026_official,Rates.xlsx supplied by Morgan Price / user upload,area4,Worldwide,25-29,25,29,comprehensive,Morgan Price Comprehensive,5209.52,5209.521772799152,EUR
morgan_price,Morgan Price (Europe) ApS,morgan_price_europe_2026_official,Rates.xlsx supplied by Morgan Price / user upload,area4,Worldwide,25-29,25,29,premium,Morgan Price Premium,6512.96,6512.957870766331,EUR
morgan_price,Morgan Price (Europe) ApS,morgan_price_europe_2026_official,Rates.xlsx supplied by Morgan Price / user upload,area4,Worldwide,25-29,25,29,elite,Morgan Price Elite,9811.54,9811.540720231154,EUR
morgan_price,Morgan Price (Europe) ApS,morgan_price_europe_2026_official,Rates.xlsx supplied by Morgan Price / user upload,area4,Worldwide,30-34,30,34,standard,Morgan Price Standard,2276.95,2276.9535878583106,EUR
morgan_price,Morgan Price (Europe) ApS,morgan_price_europe_2026_official,Rates.xlsx supplied by Morgan Price / user upload,area4,Worldwide,30-34,30,34,standard_plus,Morgan Price Standard Plus,2959.7,2959.6972896966504,EUR
morgan_price,Morgan Price (Europe) ApS,morgan_price_europe_2026_official,Rates.xlsx supplied by Morgan Price / user upload,area4,Worldwide,30-34,30,34,comprehensive,Morgan Price Comprehensive,6013.24,6013.237804738515,EUR
morgan_price,Morgan Price (Europe) ApS,morgan_price_europe_2026_official,Rates.xlsx supplied by Morgan Price / user upload,area4,Worldwide,30-34,30,34,premium,Morgan Price Premium,7519.12,7519.115064816796,EUR
morgan_price,Morgan Price (Europe) ApS,morgan_price_europe_2026_official,Rates.xlsx supplied by Morgan Price / user upload,area4,Worldwide,30-34,30,34,elite,Morgan Price Elite,11329.16,11329.156535251848,EUR
morgan_price,Morgan Price (Europe) ApS,morgan_price_europe_2026_official,Rates.xlsx supplied by Morgan Price / user upload,area4,Worldwide,35-39,35,39,standard,Morgan Price Standard,2903.27,2903.270708230392,EUR
morgan_price,Morgan Price (Europe) ApS,morgan_price_europe_2026_official,Rates.xlsx supplied by Morgan Price / user upload,area4,Worldwide,35-39,35,39,standard_plus,Morgan Price Standard Plus,3548.21,3548.206481025031,EUR
morgan_price,Morgan Price (Europe) ApS,morgan_price_europe_2026_official,Rates.xlsx supplied by Morgan Price / user upload,area4,Worldwide,35-39,35,39,comprehensive,Morgan Price Comprehensive,6521.27,6521.272680517211,EUR
morgan_price,Morgan Price (Europe) ApS,morgan_price_europe_2026_official,Rates.xlsx supplied by Morgan Price / user upload,area4,Worldwide,35-39,35,39,premium,Morgan Price Premium,8153.83,8153.82851268241,EUR
morgan_price,Morgan Price (Europe) ApS,morgan_price_europe_2026_official,Rates.xlsx supplied by Morgan Price / user upload,area4,Worldwide,35-39,35,39,elite,Morgan Price Elite,12284.71,12284.707514661673,EUR
morgan_price,Morgan Price (Europe) ApS,morgan_price_europe_2026_official,Rates.xlsx supplied by Morgan Price / user upload,area4,Worldwide,40-44,40,44,standard,Morgan Price Standard,3317.4,3317.3971444697527,EUR
morgan_price,Morgan Price (Europe) ApS,morgan_price_europe_2026_official,Rates.xlsx supplied by Morgan Price / user upload,area4,Worldwide,40-44,40,44,standard_plus,Morgan Price Standard Plus,4054.84,4054.839251630049,EUR
morgan_price,Morgan Price (Europe) ApS,morgan_price_europe_2026_official,Rates.xlsx supplied by Morgan Price / user upload,area4,Worldwide,40-44,40,44,comprehensive,Morgan Price Comprehensive,7454.08,7454.0802097260985,EUR
morgan_price,Morgan Price (Europe) ApS,morgan_price_europe_2026_official,Rates.xlsx supplied by Morgan Price / user upload,area4,Worldwide,40-44,40,44,premium,Morgan Price Premium,9317.22,9317.21712876714,EUR
morgan_price,Morgan Price (Europe) ApS,morgan_price_europe_2026_official,Rates.xlsx supplied by Morgan Price / user upload,area4,Worldwide,40-44,40,44,elite,Morgan Price Elite,14033.43,14033.426130111213,EUR
morgan_price,Morgan Price (Europe) ApS,morgan_price_europe_2026_official,Rates.xlsx supplied by Morgan Price / user upload,area4,Worldwide,45-49,45,49,standard,Morgan Price Standard,4022.02,4022.021853749111,EUR
morgan_price,Morgan Price (Europe) ApS,morgan_price_europe_2026_official,Rates.xlsx supplied by Morgan Price / user upload,area4,Worldwide,45-49,45,49,standard_plus,Morgan Price Standard Plus,4916.99,4916.989445112594,EUR
morgan_price,Morgan Price (Europe) ApS,morgan_price_europe_2026_official,Rates.xlsx supplied by Morgan Price / user upload,area4,Worldwide,45-49,45,49,comprehensive,Morgan Price Comprehensive,9041.86,9041.856027456019,EUR
morgan_price,Morgan Price (Europe) ApS,morgan_price_europe_2026_official,Rates.xlsx supplied by Morgan Price / user upload,area4,Worldwide,45-49,45,49,premium,Morgan Price Premium,11303.17,11303.167183154823,EUR
morgan_price,Morgan Price (Europe) ApS,morgan_price_europe_2026_official,Rates.xlsx supplied by Morgan Price / user upload,area4,Worldwide,45-49,45,49,elite,Morgan Price Elite,17026.45,17026.453108089892,EUR
morgan_price,Morgan Price (Europe) ApS,morgan_price_europe_2026_official,Rates.xlsx supplied by Morgan Price / user upload,area4,Worldwide,50-54,50,54,standard,Morgan Price Standard,5066.74,5066.741277717062,EUR
morgan_price,Morgan Price (Europe) ApS,morgan_price_europe_2026_official,Rates.xlsx supplied by Morgan Price / user upload,area4,Worldwide,50-54,50,54,standard_plus,Morgan Price Standard Plus,6004.28,6004.2813232151675,EUR
morgan_price,Morgan Price (Europe) ApS,morgan_price_europe_2026_official,Rates.xlsx supplied by Morgan Price / user upload,area4,Worldwide,50-54,50,54,comprehensive,Morgan Price Comprehensive,10425.81,10425.813407158561,EUR
morgan_price,Morgan Price (Europe) ApS,morgan_price_europe_2026_official,Rates.xlsx supplied by Morgan Price / user upload,area4,Worldwide,50-54,50,54,premium,Morgan Price Premium,12975.22,12975.22397065569,EUR
morgan_price,Morgan Price (Europe) ApS,morgan_price_europe_2026_official,Rates.xlsx supplied by Morgan Price / user upload,area4,Worldwide,50-54,50,54,elite,Morgan Price Elite,19464.47,19464.470050182637,EUR
morgan_price,Morgan Price (Europe) ApS,morgan_price_europe_2026_official,Rates.xlsx supplied by Morgan Price / user upload,area4,Worldwide,55-59,55,59,standard,Morgan Price Standard,7720.5,7720.496795421053,EUR
morgan_price,Morgan Price (Europe) ApS,morgan_price_europe_2026_official,Rates.xlsx supplied by Morgan Price / user upload,area4,Worldwide,55-59,55,59,standard_plus,Morgan Price Standard Plus,8992.3,8992.304457959352,EUR
morgan_price,Morgan Price (Europe) ApS,morgan_price_europe_2026_official,Rates.xlsx supplied by Morgan Price / user upload,area4,Worldwide,55-59,55,59,comprehensive,Morgan Price Comprehensive,15884.09,15884.08739432762,EUR
morgan_price,Morgan Price (Europe) ApS,morgan_price_europe_2026_official,Rates.xlsx supplied by Morgan Price / user upload,area4,Worldwide,55-59,55,59,premium,Morgan Price Premium,19336.49,19336.49467290522,EUR
morgan_price,Morgan Price (Europe) ApS,morgan_price_europe_2026_official,Rates.xlsx supplied by Morgan Price / user upload,area4,Worldwide,55-59,55,59,elite,Morgan Price Elite,28406.69,28406.689707906666,EUR
morgan_price,Morgan Price (Europe) ApS,morgan_price_europe_2026_official,Rates.xlsx supplied by Morgan Price / user upload,area4,Worldwide,60-64,60,64,standard,Morgan Price Standard,9141.64,9141.635240204963,EUR
morgan_price,Morgan Price (Europe) ApS,morgan_price_europe_2026_official,Rates.xlsx supplied by Morgan Price / user upload,area4,Worldwide,60-64,60,64,standard_plus,Morgan Price Standard Plus,10646.37,10646.366764670875,EUR
morgan_price,Morgan Price (Europe) ApS,morgan_price_europe_2026_official,Rates.xlsx supplied by Morgan Price / user upload,area4,Worldwide,60-64,60,64,comprehensive,Morgan Price Comprehensive,20681.72,20681.72439402352,EUR
morgan_price,Morgan Price (Europe) ApS,morgan_price_europe_2026_official,Rates.xlsx supplied by Morgan Price / user upload,area4,Worldwide,60-64,60,64,premium,Morgan Price Premium,24750.3,24750.301105390216,EUR
morgan_price,Morgan Price (Europe) ApS,morgan_price_europe_2026_official,Rates.xlsx supplied by Morgan Price / user upload,area4,Worldwide,60-64,60,64,elite,Morgan Price Elite,39322.66,39322.66331870021,EUR
morgan_price,Morgan Price (Europe) ApS,morgan_price_europe_2026_official,Rates.xlsx supplied by Morgan Price / user upload,area4,Worldwide,65-69,65,69,standard,Morgan Price Standard,11708.96,11708.958018879586,EUR
morgan_price,Morgan Price (Europe) ApS,morgan_price_europe_2026_official,Rates.xlsx supplied by Morgan Price / user upload,area4,Worldwide,65-69,65,69,standard_plus,Morgan Price Standard Plus,13757.69,13757.689598462355,EUR
morgan_price,Morgan Price (Europe) ApS,morgan_price_europe_2026_official,Rates.xlsx supplied by Morgan Price / user upload,area4,Worldwide,65-69,65,69,comprehensive,Morgan Price Comprehensive,27204.21,27204.209520085627,EUR
morgan_price,Morgan Price (Europe) ApS,morgan_price_europe_2026_official,Rates.xlsx supplied by Morgan Price / user upload,area4,Worldwide,65-69,65,69,premium,Morgan Price Premium,32889.16,32889.15593055058,EUR
morgan_price,Morgan Price (Europe) ApS,morgan_price_europe_2026_official,Rates.xlsx supplied by Morgan Price / user upload,area4,Worldwide,65-69,65,69,elite,Morgan Price Elite,52785.86,52785.86072345395,EUR
morgan_price,Morgan Price (Europe) ApS,morgan_price_europe_2026_official,Rates.xlsx supplied by Morgan Price / user upload,area4,Worldwide,70-74,70,74,standard,Morgan Price Standard,14869.43,14869.434555754038,EUR
morgan_price,Morgan Price (Europe) ApS,morgan_price_europe_2026_official,Rates.xlsx supplied by Morgan Price / user upload,area4,Worldwide,70-74,70,74,standard_plus,Morgan Price Standard Plus,17331.68,17331.681712014688,EUR
morgan_price,Morgan Price (Europe) ApS,morgan_price_europe_2026_official,Rates.xlsx supplied by Morgan Price / user upload,area4,Worldwide,70-74,70,74,comprehensive,Morgan Price Comprehensive,33726.73,33726.73203960766,EUR
morgan_price,Morgan Price (Europe) ApS,morgan_price_europe_2026_official,Rates.xlsx supplied by Morgan Price / user upload,area4,Worldwide,70-74,70,74,premium,Morgan Price Premium,40430.07,40430.07063463957,EUR
morgan_price,Morgan Price (Europe) ApS,morgan_price_europe_2026_official,Rates.xlsx supplied by Morgan Price / user upload,area4,Worldwide,70-74,70,74,elite,Morgan Price Elite,64343.88,64343.880041310775,EUR
